column,count,unique,top_1,count_1,top_2,count_2,top_3,count_3,top_4,count_4,top_5,count_5
allClaimsList_0,1042,622,,54,% DAILY VALUE*,44,4 PACK,19,ZERO CALORIES,17,NO FRUIT JUICE,16
allClaimsList_1,1042,706,,56,ENERGY DRINK,18,"*PERCENT DAILY VALUES ARE BASED ON A 2,000 CALORIE DIET.",16,BEST BY,15,ENERGY,14
allClaimsList_10,1042,705,,151,"NOT A SIGNIFICANT SOURCE OF CALORIES FROM FAT, SATURATED FAT, TRANS FAT, CHOLESTEROL, DIETARY FIBER, VITAMIN A, VITAMIN C, CALCIUM AND IRON.",18,CONTAINS NO FRUIT JUICE,17,REFRIGERATE AFTER OPENING,14,"* PERCENT DAILY VALUES ARE BASED ON A 2,000 CALORIE DIET.",9
allClaimsList_11,1042,658,,195,"NOT A SIGNIFICANT SOURCE OF CALORIES FROM FAT, SATURATED FAT, TRANS FAT, CHOLESTEROL, DIETARY FIBER, VITAMIN A, VITAMIN C, CALCIUM AND IRON.",28,CONTAINS NO FRUIT JUICE,15,REFRIGERATE AFTER OPENING,11,"* PERCENT DAILY VALUES ARE BASED ON A 2,000 CALORIE DIET.",10
allClaimsList_12,1042,633,,249,"NOT A SIGNIFICANT SOURCE OF CALORIES FROM FAT, SATURATED FAT, TRANS FAT, CHOLESTEROL, DIETARY FIBER, VITAMIN A, VITAMIN C, CALCIUM AND IRON.",20,"* PERCENT DAILY VALUES ARE BASED ON A 2,000 CALORIE DIET.",15,PLEASE RECYCLE,9,CONTAINS NO FRUIT JUICE,8
allClaimsList_13,1042,575,,294,"NOT A SIGNIFICANT SOURCE OF CALORIES FROM FAT, SATURATED FAT, TRANS FAT, CHOLESTEROL, DIETARY FIBER, VITAMIN A, VITAMIN C, CALCIUM AND IRON.",29,PLEASE RECYCLE,12,"*PERCENT DAILY VALUES ARE BASED ON A 2,000 CALORIE DIET.",10,"* PERCENT DAILY VALUES ARE BASED ON A 2,000 CALORIE DIET.",10
allClaimsList_14,1042,527,,366,"NOT A SIGNIFICANT SOURCE OF CALORIES FROM FAT, SATURATED FAT, TRANS FAT, CHOLESTEROL, DIETARY FIBER, VITAMIN A, VITAMIN C, CALCIUM AND IRON.",26,"*PERCENT DAILY VALUES ARE BASED ON A 2,000 CALORIE DIET.",17,"* PERCENT DAILY VALUES ARE BASED ON A 2,000 CALORIE DIET.",15,PLEASE RECYCLE,10
allClaimsList_15,1042,506,,424,"NOT A SIGNIFICANT SOURCE OF CALORIES FROM FAT, SATURATED FAT, TRANS FAT, CHOLESTEROL, DIETARY FIBER, VITAMIN A, VITAMIN C, CALCIUM AND IRON.",18,"*PERCENT DAILY VALUES ARE BASED ON A 2,000 CALORIE DIET.",15,REFRIGERATE AFTER OPENING.,7,PLEASE RECYCLE,7
allClaimsList_16,1042,462,,479,"NOT A SIGNIFICANT SOURCE OF CALORIES FROM FAT, SATURATED FAT, TRANS FAT, CHOLESTEROL, DIETARY FIBER, VITAMIN A, VITAMIN C, CALCIUM AND IRON.",13,"*PERCENT DAILY VALUES ARE BASED ON A 2,000 CALORIE DIET.",8,PLEASE RECYCLE,5,ONE PACKET CAN BE MIXED INTO A 20 FL OZ BOTTLE OF WATER FOR A LIGHTER FLAVOR. ALSO TASTES GREAT MADE WITH TAP WATER.,4
allClaimsList_17,1042,410,,536,"*PERCENT DAILY VALUES ARE BASED ON A 2,000 CALORIE DIET.",17,"NOT A SIGNIFICANT SOURCE OF CALORIES FROM FAT, SATURATED FAT, TRANS FAT, CHOLESTEROL, DIETARY FIBER, VITAMIN A, VITAMIN C, CALCIUM AND IRON.",12,PLEASE RECYCLE,8,DOES NOT NEED REFRIGERATION,5
allClaimsList_18,1042,375,,589,"*PERCENT DAILY VALUES ARE BASED ON A 2,000 CALORIE DIET.",11,PLEASE RECYCLE,9,"* PERCENT DAILY VALUES ARE BASED ON A 2,000 CALORIE DIET.",6,"NOT A SIGNIFICANT SOURCE OF CALORIES FROM FAT, SATURATED FAT, TRANS FAT, CHOLESTEROL, DIETARY FIBER, VITAMIN A, VITAMIN C, CALCIUM AND IRON.",5
allClaimsList_19,1042,331,,651,"*PERCENT DAILY VALUES ARE BASED ON A 2,000 CALORIE DIET.",8,"NOT A SIGNIFICANT SOURCE OF CALORIES FROM FAT, SATURATED FAT, TRANS FAT, CHOLESTEROL, DIETARY FIBER, VITAMIN A, VITAMIN C, CALCIUM AND IRON.",7,NATURALLY FLAVORED WITH OTHER NATURAL FLAVORS,6,"* PERCENT DAILY VALUES ARE BASED ON A 2,000 CALORIE DIET.",5
allClaimsList_2,1042,699,,57,ENERGY DRINK,32,"*PERCENT DAILY VALUES ARE BASED ON A 2,000 CALORIE DIET.",30,BEST BY,14,TEAR HERE,10
allClaimsList_20,1042,283,,704,"NOT A SIGNIFICANT SOURCE OF CALORIES FROM FAT, SATURATED FAT, TRANS FAT, CHOLESTEROL, DIETARY FIBER, VITAMIN A, VITAMIN C, CALCIUM AND IRON.",9,"* PERCENT DAILY VALUES ARE BASED ON A 2,000 CALORIE DIET.",9,REFRIGERATE AFTER OPENING.,4,"*PERCENT DAILY VALUES ARE BASED ON A 2,000 CALORIE DIET.",4
allClaimsList_21,1042,247,,741,"NOT A SIGNIFICANT SOURCE OF CALORIES FROM FAT, SATURATED FAT, TRANS FAT, CHOLESTEROL, DIETARY FIBER, VITAMIN A, VITAMIN C, CALCIUM AND IRON.",11,"CONSUME RESPONSIBLY: NOT RECOMMENDED FOR CHILDREN, PEOPLE SENSITIVE TO CAFFEINE, PREGNANT WOMEN OR WOMEN WHO ARE NURSING.",7,"*PERCENT DAILY VALUES ARE BASED ON A 2,000 CALORIE DIET.",6,"* PERCENT DAILY VALUES ARE BASED ON A 2,000 CALORIE DIET.",5
allClaimsList_22,1042,223,,777,"NOT A SIGNIFICANT SOURCE OF CALORIES FROM FAT, SATURATED FAT, TRANS FAT, CHOLESTEROL, DIETARY FIBER, VITAMIN A, VITAMIN C, CALCIUM AND IRON.",10,"* PERCENT DAILY VALUES ARE BASED ON A 2,000 CALORIE DIET.",6,B-VITAMINS,4,"*PERCENT DAILY VALUES ARE BASED ON A 2,000 CALORIE DIET.",3
allClaimsList_23,1042,186,,818,"NOT A SIGNIFICANT SOURCE OF CALORIES FROM FAT, SATURATED FAT, TRANS FAT, CHOLESTEROL, DIETARY FIBER, VITAMIN A, VITAMIN C, CALCIUM AND IRON.",6,"*PERCENT DAILY VALUES ARE BASED ON A 2,000 CALORIE DIET.",5,"CONSUME RESPONSIBLY: NOT RECOMMENDED FOR CHILDREN, PEOPLE SENSITIVE TO CAFFEINE, PREGNANT WOMEN OR WOMEN WHO ARE NURSING.",5,REFRIGERATE AFTER OPENING.,4
allClaimsList_24,1042,171,,853,"* PERCENT DAILY VALUES ARE BASED ON A 2,000 CALORIE DIET.",5,BPA FREE,3,POWERADE,3,"NOT RECOMMENDED FOR CHILDREN, PREGNANT OR NURSING WOMEN, OR THOSE SENSITIVE TO CAFFEINE.",3
allClaimsList_25,1042,142,,881,"CONSUME RESPONSIBLY: NOT RECOMMENDED FOR CHILDREN, PEOPLE SENSITIVE TO CAFFEINE, PREGNANT WOMEN OR WOMEN WHO ARE NURSING.",5,"NOT A SIGNIFICANT SOURCE OF CALORIES FROM FAT, SATURATED FAT, TRANS FAT, CHOLESTEROL, DIETARY FIBER, VITAMIN A, VITAMIN C, CALCIUM AND IRON.",5,BPA FREE,4,PATENTS PENDING,3
allClaimsList_26,1042,116,,909,"* PERCENT DAILY VALUES ARE BASED ON A 2,000 CALORIE DIET.",6,"NOT A SIGNIFICANT SOURCE OF CALORIES FROM FAT, SATURATED FAT, TRANS FAT, CHOLESTEROL, DIETARY FIBER, VITAMIN A, VITAMIN C, CALCIUM AND IRON.",3,PATENTS PENDING,2,1 SQUEEZE (1/2 TSP) PER 8 FL OZ SERVING OF WATER,2
allClaimsList_27,1042,96,,934,"* PERCENT DAILY VALUES ARE BASED ON A 2,000 CALORIE DIET.",5,PATENTS PENDING,3,16 SERVINGS,2,"NOT A SIGNIFICANT SOURCE OF CALORIES FROM FAT, SATURATED FAT, TRANS FAT, CHOLESTEROL, DIETARY FIBER, VITAMIN A, VITAMIN C, CALCIUM AND IRON.",2
allClaimsList_28,1042,84,,951,G SERIES,2,DRINK MIX,2,CONSUMER INFORMATION CALL 1-800-343-0341.,2,LOT 358876,2
allClaimsList_29,1042,66,,967,"NOT A SIGNIFICANT SOURCE OF CALORIES FROM FAT, SATURATED FAT, TRANS FAT, CHOLESTEROL, DIETARY FIBER, VITAMIN A, VITAMIN C, CALCIUM AND IRON.",5,SUGAR FREE,3,MYCOKE REWARDS.COM,2,"SODIUM, POTASSIUM, CALCIUM, MAGNESIUM.",2
allClaimsList_3,1042,714,"*PERCENT DAILY VALUES ARE BASED ON A 2,000 CALORIE DIET.",63,,60,ENERGY DRINK,18,GATORADE THIRST QUENCHER,8,BEST BY,8
allClaimsList_30,1042,57,,983,XION4 ADVANCED ELECTROLYTE SYSTEM,2,"COPYRIGHT 2016 NATURE'S WAY BRANDS, LLC GREEN BAY, WI 54311 USA",2,REFRIGERATED AFTER OPENING.,2,ENERGY.,1
allClaimsList_31,1042,47,,993,VEGAN,2,ADVANCED ELECTROLYTE SYSTEM.,2,"NOT A SIGNIFICANT SOURCE OF CALORIES FROM FAT, SATURATED FAT, TRANS FAT, CHOLESTEROL, DIETARY FIBER, VITAMIN A, VITAMIN C, CALCIUM AND IRON.",2,VITAMIN C ANTIOX ANTIOXIDANT,1
allClaimsList_32,1042,36,,1005,EXP,2,MIOENERGY,2,"GLACEAU, VITAMINWATER, AND THE LABEL DESIGN DESIGN ARE TRADEMARKS OF GLACEAU.",1,"CONSUME RESPONSIBLY: NOT RECOMMENDED FOR CHILDREN, PEOPLE SENSITIVE TO CAFFEINE, PREGNANT WOMEN OR WOMEN WHO ARE NURSING.",1
allClaimsList_33,1042,28,,1013,GLUTEN FREE.,2,"NOT A SIGNIFICANT SOURCE OF CALORIES FROM FAT, SATURATED FAT, TRANS FAT, CHOLESTEROL, DIETARY FIBER, VITAMIN A, VITAMIN C, CALCIUM AND IRON.",2,"2014 S-VC, INC.,",1,H20/ELECTROLYTE REPLACEMENT = SUPERIOR HYDRATION,1
allClaimsList_34,1042,17,,1025,32 FL OZ (1 QT) 946ML.,2,GATORADE.COM,1,"*PERCENT DAILY VALUES (DV) ARE BASED ON A 2,000 CALORIE DIET. YOUR DAILY VALUES MAY BE HIGHER OR LOWER DEPENDING ON YOUR CALORIE NEEDS.",1,POWERCOCO SPORTS DRINK.,1
allClaimsList_35,1042,13,,1030,MAKES 2 SERVINGS.,1,CONTAINS 60MG CAFFEINE PER PACKET (2 SERVINGS),1,SUGAR FREE,1,NATURAL FLAVORS,1
allClaimsList_36,1042,10,,1033,CONTAINS 60 MG CAFFEINE PER PACKET (2 SERVINGS),1,WITH CAFFEINE SEE SIDE,1,MYCOKE REWARDS.COM,1,"01 PRIME, 02 PERFORM, 03 RECOVER",1
allClaimsList_37,1042,9,,1034,90% FEWER CALORIES THAN LEADING BEVERAGES,1,GLUTEN FREE.CONTAIN CAFFEINE SUGAR FREE.LOW SODIUM,1,NO CALORIES,1,"DIST. BY: GATORADE CO., P.O. BOX 049003, CHICAGO, IL 60604",1
allClaimsList_38,1042,7,,1036,"TAKE THAT, AFTERNOON SLUMP.",1,NATURAL FLAVORS,1,"*PERCENT DAILY VALUES ARE BASED ON A 2,000 CALORIE DIET",1,"POWERBAR FUEL SYSTEM - FUELING VICTORIES EVERY DAY IN TRAINING & COMPETITION - USAGE - 1 BEFORE-2 DURING, BENEFIT PRODUCTS - ENERGY/FUEL, HYDRATION. USAGE - 3 AFTER, BENEFIT PRODUCTS - LEAN MUSCLE/RECOVERY, REHYDRATION",1
allClaimsList_39,1042,7,,1036,MAKES 2 SERVINGS.,1,CA CRV,1,"NOT A SIGNIFICANT SOURCE OF CALORIES FROM FAT, SATURATED FAT, TRANS FAT, CHOLESTEROL, DIETARY FIBER, VITAMIN A, VITAMIN C, CALCIUM AND IRON",1,"IRONMAN, IRONMAN TRIATHLON, M-DOT ARE REGISTERED TRADEMARKS OF WORLD TRIATHLON CORPORATION.",1
allClaimsList_4,1042,694,"*PERCENT DAILY VALUES ARE BASED ON A 2,000 CALORIE DIET.",76,,70,REFRIGERATE AFTER OPENING.,19,ENERGY DRINK,13,NOT A SIGNIFICANT SOURCE OF OTHER NUTRIENTS.,11
allClaimsList_40,1042,4,,,,,,,,,,
allClaimsList_41,1042,2,,,,,,,,,,
allClaimsList_42,1042,2,,,,,,,,,,
allClaimsList_5,1042,743,,74,"*PERCENT DAILY VALUES ARE BASED ON A 2,000 CALORIE DIET.",58,REFRIGERATE AFTER OPENING.,16,REFRIGERATE AFTER OPENING,11,"PERCENT DAILY VALUES (DV) ARE BASED ON A 2,000 CALORIE DIET.",11
allClaimsList_6,1042,721,,78,"*PERCENT DAILY VALUES ARE BASED ON A 2,000 CALORIE DIET.",52,REFRIGERATE AFTER OPENING.,20,NOT A SIGNIFICANT SOURCE OF OTHER NUTRIENTS.,10,REFRIGERATE AFTER OPENING,10
allClaimsList_7,1042,741,,91,"*PERCENT DAILY VALUES ARE BASED ON A 2,000 CALORIE DIET.",34,REFRIGERATE AFTER OPENING.,16,REFRIGERATE AFTER OPENING,15,CONTAINS 0% JUICE,10
allClaimsList_8,1042,744,,99,"*PERCENT DAILY VALUES ARE BASED ON A 2,000 CALORIE DIET.",21,REFRIGERATE AFTER OPENING,17,"NOT A SIGNIFICANT SOURCE OF CALORIES FROM FAT, SATURATED FAT, TRANS FAT, CHOLESTEROL, DIETARY FIBER, VITAMIN A, VITAMIN C, CALCIUM AND IRON.",12,CONTAINS 0% JUICE,10
allClaimsList_9,1042,723,,120,"NOT A SIGNIFICANT SOURCE OF CALORIES FROM FAT, SATURATED FAT, TRANS FAT, CHOLESTEROL, DIETARY FIBER, VITAMIN A, VITAMIN C, CALCIUM AND IRON.",13,REFRIGERATE AFTER OPENING,13,CONTAINS NO FRUIT JUICE,11,REFRIGERATE AFTER OPENING.,11
attributeInclusion_certification_0,1042,20,,385,KOSHER_CERT,286,RECY_PLEASE_RECYCLE_CERT,144,RECY_WIDELY_RECYCLED_CERT,142,GLUTEN_FREE_CERT,21
attributeInclusion_certification_1,1042,22,,833,KOSHER_CERT,81,NON_GMO_USDA_ORGANIC_ALL,41,RECYCLING_TIDY_MAN_CERT,28,ORGANIC_USDA_CERT,15
attributeInclusion_certification_2,1042,15,,961,ORGANIC_USDA_CERT,36,NON_GMO_USDA_ORGANIC_ALL,10,KOSHER_CERT,8,RECY_PLEASE_RECYCLE_CERT,8
attributeInclusion_certification_3,1042,13,,971,ORGANIC_CERT,24,ORGANIC_USDA_CERT,9,VEGAN_CERT,8,RECY_PLEASE_RECYCLE_CERT,8
attributeInclusion_certification_4,1042,11,,985,ORGANIC_CERT,13,SUSTAIN_TRADE_CERT,9,KOSHER_CERT,8,NON_GMO_CERT,7
attributeInclusion_certification_5,1042,6,,1012,ORGANIC_CERT,17,FAIR_TRADE_USA_CERT,9,KOSHER_CERT,2,SUSTAIN_TRADE_CERT,1
attributeInclusion_certification_6,1042,6,,1020,NON_GMO_CERT,14,KOSHER_CERT,3,SUSTAIN_TRADE_CERT,3,FAIR_TRADE_USA_CERT,1
attributeInclusion_certification_7,1042,4,,,,,,,,,,
attributeInclusion_certification_8,1042,2,,,,,,,,,,
attributeInclusion_certification_9,1042,1,,,,,,,,,,
brand_1,1042,184,GATORADE,162,MONSTER (MONSTER BEVERAGE),76,ROCKSTAR (ROCKSTAR),53,POWERADE,52,MOUNTAIN DEW,50
brand_owner___international,1042,161,PEPSICO / GATORADE,180,MONSTER BEVERAGE,104,PEPSICO / PEPSICO,76,COCA COLA COMPANY,55,ROCKSTAR,53
category,1042,55,Soda - Energy Drinks,401,Sport Drinks,276,Liquid Water Enhancer - Fruit Flavor Mix,50,Other Drinks - Other Beverages,36,Health & Recovery - Energy Drinks,29
contactInformationAddress,1042,255,,342,"P.O. BOX 049003, CHICAGO, IL 60604",51,"1 MONSTER WAY, CORONA, CA 92879 U.S.A.",43,"P.O. BOX 049003, CHICAGO, IL 60604.",30,"SANTA MONICA, CA 90404",29
contactInformationDistributedBy,1042,107,,718,THE GATORADE CO.,82,"RED BULL N.A., INC.",27,"THE GATORADE CO.,",12,"MAPCO EXPRESS, INC.",12
contactInformationPhoneNumber,1042,85,,667,18008842867,91,18004332652,33,8004311002,28,18003430341,22
contactInformationWebsite,1042,159,,427,GATORADE.COM,86,WWW.MONSTERENERGY.COM,55,MOUNTAINDEW.COM,31,WWW.REDBULL.COM,23
flavor,1042,275,,369,FRUIT PUNCH,51,ORANGE,48,GRAPE,37,BERRY,15
global_bottle_cap___type,1042,6,NOT APPLICABLE (NON BOTTLE),501,SCREW CAP,381,,142,SPORTS CAP,13,CROWN CAP,4
global_brand_extension,1042,277,GATORADE,51,GATORADE G SERIES PERFORM 02,30,MOUNTAIN DEW KICKSTART,25,MOUNTAIN DEW GAME FUEL,24,POWERADE ION4,23
global_collection_claim,1042,22,NO CLAIM,986,LIMITED EDITION,9,CALL OF DUTY ADVANCED WARFARE,5,TITANFALL 2,5,CALL OF DUTY BLACK OPS III,5
global_flavour,1042,329,NOT STATED,126,FRUIT PUNCH,64,ORANGE,52,LEMON & LIME,43,GRAPE,30
global_flavour_group,1042,171,NOT STATED,132,FRUIT,101,ORANGE,71,BERRY,69,GRAPE,53
global_form,1042,3,,,,,,,,,,
global_if_carbonated,1042,3,,,,,,,,,,
global_if_diet_light_product,1042,2,,,,,,,,,,
global_if_ready_to_eat_drink,1042,2,,,,,,,,,,
global_if_single_dose_portion,1042,3,,,,,,,,,,
global_if_sports_water,1042,3,,,,,,,,,,
global_item_identifier,1042,2,,,,,,,,,,
global_level_of_caffeine,1042,2,,,,,,,,,,
global_level_of_calorie_claim,1042,3,,,,,,,,,,
global_level_of_sugar_claim,1042,3,,,,,,,,,,
global_number_in_each_pack___actual,1042,9,,981,10'S,38,8'S,9,1'S,4,4'S,4
global_number_in_each_pack___base,1042,9,,981,10'S,38,8'S,9,1'S,4,4'S,4
global_number_in_multipack___actual,1042,9,X1,841,X4,77,X12,51,X8,33,X6,23
global_number_in_multipack___base,1042,9,X1,841,X4,77,X12,51,X8,33,X6,23
global_packaging,1042,9,CAN,494,BOTTLE,461,SACHET,60,JAR,8,CARTON,6
global_packaging_material,1042,4,,,,,,,,,,
global_total_items_in_pack,1042,9,,981,10 UN,38,8 UN,9,1 UN,4,4 UN,4
global_total_mass_weight_gross,1042,40,,966,1.1 OZ,8,0.7 OZ,6,0.8 OZ,6,0.84 OZ,5
global_total_packs_in_multipack,1042,9,1 MU,841,4 MU,77,12 MU,51,8 MU,33,6 MU,23
global_total_volume,1042,68,16 FOZ,226,12 FOZ,97,32 FOZ,88,,76,20 FOZ,66
global_weight_volume_per_measured_unit___actual,1042,73,16FOZ,281,12FOZ,157,20FOZ,111,32FOZ,88,8.4FOZ,52
global_weight_volume_per_measured_unit___base,1042,73,16FOZ,281,12FOZ,157,20FOZ,111,32FOZ,88,8.4FOZ,52
ingredients,1042,883,"WATER, SUGAR, DEXTROSE, CITRIC ACID, NATURAL FLAVOR, SALT, SODIUM CITRATE, MONOPOTASSIUM PHOSPHATE, GUM ARABIC, GLYCEROL ESTER OF ROSIN, YELLOW 5.",7,"WATER, SUGAR, DEXTROSE, CITRIC ACID, NATURAL FLAVOR, SALT, SODIUM CITRATE, MONOPOTASSIUM PHOSPHATE, MODIFIED FOOD STARCH, RED 40, GLYCEROL ESTER OF ROSIN, CARAMEL COLOR.",6,"WATER, SUGAR, DEXTROSE, CITRIC ACID, NATURAL FLAVOR, SALT, SODIUM CITRATE, MONOPOTASSIUM PHOSPHATE, GUM ARABIC, SUCROSE ACETATE ISOBUTYRATE, GLYCEROL ESTER OF ROSIN, YELLOW 6.",6,,6,"WATER, SUGAR, DEXTROSE, CITRIC ACID, NATURAL AND ARTIFICIAL FLAVOR, SALT, SODIUM CITRATE, MONOPOTASSIUM PHOSPHATE, MODIFIED FOOD STARCH, GLYCEROL ESTER OF ROSIN, BLUE 1.",5
manufacturer,1042,56,,915,"S-VC, INC.",17,THE GATORADE CO.,12,NO MANUFACTURER,9,THE COCA-COLA COMPANY,6
module,1042,11,ENERGY DRINKS - STIMULANTS - READY TO DRINK - CARBONATED,453,SPORTS DRINKS - REHYDRATION/ISOTONIC - READY TO DRINK - NON CARBONATED,327,ENERGY DRINKS - STIMULANTS - READY TO DRINK - NON CARBONATED,118,ENERGY DRINKS - STIMULANTS - NOT READY TO DRINK LIQUID/SYRUP - MULTI PORTION,42,SPORTS DRINKS - REHYDRATION/ISOTONIC - NOT READY TO DRINK POWDER - SINGLE PORTION,36
nutrients_0_dvp,1042,18,,869,0.0,59,2.0,29,4.0,22,1.0,12
nutrients_0_name,1042,12,Calories,799,Calcium,145,,46,CHLORIDE,17,CAFFEINE,10
nutrients_0_symbol,1042,2,,,,,,,,,,
nutrients_0_uom,1042,7,Cal,803,g,152,,46,mg,27,none,7
nutrients_0_value,1042,50,,208,0.0,178,80.0,129,130.0,55,100.0,50
nutrients_10_dvp,1042,32,,325,0.0,273,7.0,131,11.0,44,2.0,41
nutrients_10_name,1042,29,Total Carbohydrate,385,Total Fat,173,Sugars,157,,63,Sodium,60
nutrients_10_symbol,1042,3,,,,,,,,,,
nutrients_10_uom,1042,5,g,824,mg,106,,63,%,48,none,1
nutrients_10_value,1042,96,0.0,347,,109,21.0,93,34.0,31,1.0,29
nutrients_11_dvp,1042,35,0.0,443,,287,100.0,41,10.0,33,5.0,29
nutrients_11_name,1042,31,Total Fat,388,Total Carbohydrate,150,,119,Vitamin B12,111,Sodium per Calorie,60
nutrients_11_symbol,1042,3,,,,,,,,,,
nutrients_11_uom,1042,6,g,797,,119,mg,61,%,60,none,4
nutrients_11_value,1042,85,0.0,505,,254,1.0,23,2.0,17,20.0,13
nutrients_12_dvp,1042,39,,448,0.0,206,100.0,86,10.0,67,15.0,40
nutrients_12_name,1042,30,,326,Vitamin B12,165,Total Fat,155,Sugars,59,Vitamin B3 (Niacin),57
nutrients_12_symbol,1042,2,,,,,,,,,,
nutrients_12_uom,1042,6,g,621,,327,%,42,mg,38,none,11
nutrients_12_value,1042,59,,640,0.0,226,1.0,21,13.0,15,2.2,7
nutrients_13_dvp,1042,45,,442,100.0,144,0.0,84,10.0,58,15.0,38
nutrients_13_name,1042,31,,359,Vitamin B3 (Niacin),191,Vitamin B12,118,Vitamin B6,58,Total Carbohydrate,54
nutrients_13_symbol,1042,3,,,,,,,,,,
nutrients_13_uom,1042,6,g,584,,360,mg,52,%,30,none,13
nutrients_13_value,1042,55,,787,0.0,92,2.0,15,3.0,13,1.0,10
nutrients_14_dvp,1042,43,,494,100.0,157,0.0,85,10.0,30,15.0,29
nutrients_14_name,1042,27,,423,Vitamin B6,241,Vitamin B3 (Niacin),89,Total Fat,54,Total Carbohydrate,44
nutrients_14_symbol,1042,2,,,,,,,,,,
nutrients_14_uom,1042,6,g,534,,423,mg,40,%,33,none,11
nutrients_14_value,1042,57,,831,0.0,90,3.0,12,18.0,10,14.0,7
nutrients_15_dvp,1042,38,,707,100.0,102,0.0,56,250.0,20,200.0,16
nutrients_15_name,1042,26,,641,Vitamin B6,107,Vitamin C,44,Total Fat,43,Vitamin B12,40
nutrients_15_symbol,1042,2,,,,,,,,,,
nutrients_15_uom,1042,6,,641,g,363,%,18,mg,17,mcg,2
nutrients_15_value,1042,50,,882,0.0,72,10.0,8,21.0,6,15.0,5
nutrients_16_dvp,1042,31,,802,100.0,68,0.0,34,50.0,21,40.0,11
nutrients_16_name,1042,23,,766,Vitamin B3 (Niacin),45,Vitamin B12,38,Total Carbohydrate,32,Total Fat,30
nutrients_16_symbol,1042,3,,,,,,,,,,
nutrients_16_uom,1042,6,,766,g,253,mg,8,%,8,mcg,5
nutrients_16_value,1042,33,,928,0.0,42,2.0,10,16.0,5,20.0,5
nutrients_17_dvp,1042,22,,859,100.0,71,0.0,34,50.0,9,20.0,7
nutrients_17_name,1042,23,,827,Vitamin B6,53,Total Fat,33,Vitamin B3 (Niacin),29,Trans Fat,17
nutrients_17_symbol,1042,2,,,,,,,,,,
nutrients_17_uom,1042,6,,827,g,189,mg,17,mcg,4,%,3
nutrients_17_value,1042,24,,945,0.0,47,2.0,7,3.0,5,20.0,5
nutrients_18_dvp,1042,19,,914,100.0,54,0.0,24,35.0,9,25.0,8
nutrients_18_name,1042,21,,874,Trans Fat,29,Vitamin B6,27,Total Fat,14,Zinc,13
nutrients_18_symbol,1042,2,,,,,,,,,,
nutrients_18_uom,1042,6,,874,g,146,mg,15,%,5,none,1
nutrients_18_value,1042,18,,964,0.0,51,12.0,4,10.0,4,13.0,2
nutrients_19_dvp,1042,17,,931,0.0,34,100.0,32,50.0,7,8.0,7
nutrients_19_name,1042,19,,911,Vitamin A,30,Vitamin B6,26,Vitamin C,15,Trans Fat,13
nutrients_19_symbol,1042,3,,,,,,,,,,
nutrients_19_uom,1042,5,,911,g,114,mg,15,%,1,none,1
nutrients_19_value,1042,14,,994,0.0,27,2.0,4,30.0,3,110.0,3
nutrients_1_dvp,1042,7,,1020,35.0,9,0.0,4,20.0,4,10.0,3
nutrients_1_name,1042,8,Calories From Carbohydrates Percent,805,Calories,163,,46,Calcium,18,Calories From Fat Percent,5
nutrients_1_symbol,1042,3,,,,,,,,,,
nutrients_1_uom,1042,6,%,810,Cal,163,,46,g,18,mg,4
nutrients_1_value,1042,89,0.0,225,105.0,100,100.0,71,,67,93.33,44
nutrients_20_dvp,1042,17,,955,0.0,28,50.0,14,100.0,10,200.0,8
nutrients_20_name,1042,16,,943,Vitamin C,27,Vitamin A,12,Vitamin B6,11,Vitamin B12,8
nutrients_20_symbol,1042,2,,,,,,,,,,
nutrients_20_uom,1042,5,,943,g,90,mg,5,%,3,none,1
nutrients_20_value,1042,7,,1019,0.0,16,0.79,3,25.0,1,100.0,1
nutrients_21_dvp,1042,18,,964,50.0,18,200.0,13,0.0,11,10.0,6
nutrients_21_name,1042,15,,960,Vitamin C,13,Vitamin E,13,Vitamin B3 (Niacin),10,Vitamin B6,10
nutrients_21_symbol,1042,2,,,,,,,,,,
nutrients_21_uom,1042,5,,960,g,75,mg,4,none,2,IU,1
nutrients_21_value,1042,5,,1030,0.0,7,20.0,3,80.0,1,1.0,1
nutrients_22_dvp,1042,15,,984,100.0,16,200.0,11,35.0,10,0.0,5
nutrients_22_name,1042,13,,979,Vitamin C,13,Vitamin B6,11,Zinc,11,Vitamin B3 (Niacin),10
nutrients_22_symbol,1042,2,,,,,,,,,,
nutrients_22_uom,1042,5,,979,g,57,mg,3,none,2,mcg,1
nutrients_22_value,1042,4,,,,,,,,,,
nutrients_23_dvp,1042,9,,1007,0.0,12,50.0,6,200.0,5,250.0,4
nutrients_23_name,1042,9,,1006,Vitamin C,12,Vitamin B6,12,Vitamin A,5,Total Fat,3
nutrients_23_symbol,1042,2,,,,,,,,,,
nutrients_23_uom,1042,3,,,,,,,,,,
nutrients_23_value,1042,3,,,,,,,,,,
nutrients_24_dvp,1042,9,,1014,20.0,8,0.0,7,10.0,6,25.0,3
nutrients_24_name,1042,9,,1014,Vitamin C,10,Vitamin D,6,Vitamin B12,4,Vitamin A,4
nutrients_24_symbol,1042,2,,,,,,,,,,
nutrients_24_uom,1042,3,,,,,,,,,,
nutrients_24_value,1042,2,,,,,,,,,,
nutrients_25_dvp,1042,5,,1028,10.0,9,25.0,3,100.0,1,4000.0,1
nutrients_25_name,1042,5,,1028,Vitamin B12,5,Vitamin B3 (Niacin),4,Vitamin D,3,Vitamin B6,2
nutrients_25_symbol,1042,2,,,,,,,,,,
nutrients_25_uom,1042,3,,,,,,,,,,
nutrients_25_value,1042,2,,,,,,,,,,
nutrients_26_dvp,1042,6,,1028,10.0,5,50.0,4,25.0,3,0.0,1
nutrients_26_name,1042,5,,1028,Vitamin B6,5,Vitamin B2 (Riboflavin),4,Vitamin E,3,Vitamin C,2
nutrients_26_symbol,1042,2,,,,,,,,,,
nutrients_26_uom,1042,3,,,,,,,,,,
nutrients_26_value,1042,2,,,,,,,,,,
nutrients_27_dvp,1042,5,,1032,0.0,5,25.0,3,10.0,1,120.0,1
nutrients_27_name,1042,4,,,,,,,,,,
nutrients_27_symbol,1042,2,,,,,,,,,,
nutrients_27_uom,1042,3,,,,,,,,,,
nutrients_27_value,1042,2,,,,,,,,,,
nutrients_28_dvp,1042,4,,,,,,,,,,
nutrients_28_name,1042,3,,,,,,,,,,
nutrients_28_symbol,1042,2,,,,,,,,,,
nutrients_28_uom,1042,2,,,,,,,,,,
nutrients_28_value,1042,1,,,,,,,,,,
nutrients_29_dvp,1042,3,,,,,,,,,,
nutrients_29_name,1042,3,,,,,,,,,,
nutrients_29_symbol,1042,2,,,,,,,,,,
nutrients_29_uom,1042,2,,,,,,,,,,
nutrients_29_value,1042,1,,,,,,,,,,
nutrients_2_dvp,1042,4,,,,,,,,,,
nutrients_2_name,1042,8,Calories From Fat Percent,734,Calories From Carbohydrates Percent,164,Calories From Fat,71,,46,Calories,18
nutrients_2_symbol,1042,2,,,,,,,,,,
nutrients_2_uom,1042,5,%,903,Cal,89,,46,g,3,mcg,1
nutrients_2_value,1042,54,0.0,843,,49,80.0,19,120.0,18,60.0,11
nutrients_30_dvp,1042,3,,,,,,,,,,
nutrients_30_name,1042,3,,,,,,,,,,
nutrients_30_symbol,1042,2,,,,,,,,,,
nutrients_30_uom,1042,2,,,,,,,,,,
nutrients_30_value,1042,1,,,,,,,,,,
nutrients_31_dvp,1042,3,,,,,,,,,,
nutrients_31_name,1042,3,,,,,,,,,,
nutrients_31_symbol,1042,2,,,,,,,,,,
nutrients_31_uom,1042,2,,,,,,,,,,
nutrients_31_value,1042,1,,,,,,,,,,
nutrients_3_dvp,1042,1,,,,,,,,,,
nutrients_3_name,1042,8,Calories From Sat Fat Percent,734,Calories From Fat Percent,140,Calories From Fat,95,,46,Calories From Carbohydrates Percent,18
nutrients_3_symbol,1042,2,,,,,,,,,,
nutrients_3_uom,1042,4,,,,,,,,,,
nutrients_3_value,1042,16,0.0,945,,46,126.67,9,20.0,8,15.0,8
nutrients_4_dvp,1042,1,,,,,,,,,,
nutrients_4_name,1042,8,Calories From Sugar Percent,734,Calories From Sat Fat Percent,140,Calories From Fat Percent,110,,46,Sodium per Calorie,5
nutrients_4_symbol,1042,2,,,,,,,,,,
nutrients_4_uom,1042,3,,,,,,,,,,
nutrients_4_value,1042,85,0.0,452,105.0,89,100.0,59,93.33,59,,46
nutrients_5_dvp,1042,30,,522,1.0,184,100.0,80,2.0,64,50.0,43
nutrients_5_name,1042,33,Potassium,267,Protein,163,Pantothenic Acid,142,Calories From Sugar Percent,140,Calories From Sat Fat Percent,110
nutrients_5_symbol,1042,3,,,,,,,,,,
nutrients_5_uom,1042,7,g,428,mg,298,%,254,,52,none,4
nutrients_5_value,1042,72,0.0,302,,278,45.0,98,35.0,45,75.0,42
nutrients_6_dvp,1042,27,,592,0.0,116,100.0,72,2.0,45,1.0,39
nutrients_6_name,1042,37,Protein,414,Sodium,164,Calories From Sugar Percent,110,Pantothenic Acid,72,Potassium,54
nutrients_6_symbol,1042,3,,,,,,,,,,
nutrients_6_uom,1042,6,g,601,mg,267,%,118,,51,none,4
nutrients_6_value,1042,86,0.0,488,,231,1.0,35,10.0,25,60.0,16
nutrients_7_dvp,1042,27,,396,0.0,120,7.0,108,6.0,70,100.0,62
nutrients_7_name,1042,42,Sodium,411,Protein,167,Sodium per Calorie,164,Cholesterol,79,,51
nutrients_7_symbol,1042,3,,,,,,,,,,
nutrients_7_uom,1042,5,mg,525,g,292,%,171,,51,none,3
nutrients_7_value,1042,106,0.0,313,,152,160.0,95,150.0,60,270.0,39
nutrients_8_dvp,1042,27,,673,0.0,108,8.0,35,1.0,35,4.0,26
nutrients_8_name,1042,32,Sodium per Calorie,412,Sodium,163,Sugars,149,Dietary Fiber,60,Protein,52
nutrients_8_symbol,1042,3,,,,,,,,,,
nutrients_8_uom,1042,5,%,416,g,360,mg,213,,51,none,2
nutrients_8_value,1042,148,0.0,271,,127,2.0,75,1.88,35,2.08,30
nutrients_9_dvp,1042,30,,659,0.0,146,1.0,35,9.0,23,8.0,23
nutrients_9_name,1042,31,Sugars,382,Total Carbohydrate,170,Sodium per Calorie,163,Iron,57,,51
nutrients_9_symbol,1042,3,,,,,,,,,,
nutrients_9_uom,1042,4,,,,,,,,,,
nutrients_9_value,1042,119,0.0,258,,138,21.0,96,34.0,34,7.0,27
onPackUpc,1042,1015,'012000160202,3,'611269163452,2,'052000013719,2,'052000121780,2,'012000140730,2
packaging,1042,19,Can,307,Bottle,272,Other,258,Box,88,,51
productBrand,1042,257,GATORADE,147,ROCKSTAR,51,RED BULL,40,MTN DEW,39,MONSTER,39
productSize,1042,139,16 fl oz,213,12 fl oz,101,32 fl oz,86,20 fl oz,86,8.4 fl oz,38
productSize2,1042,158,473 mL,144,355 mL,98,1 Quart,78,1 PT,64,591 mL,48
productSize3,1042,31,,745,946 mL,75,473 mL,62,none,47,591 mL,35
productTitle,1042,785,ENERGY DRINK,67,THIRST QUENCHER,38,SPORTS DRINK,13,"ROCKSTAR, ENERGY DRINK",7,SODA,6
productType,1042,2,,,,,,,,,,
promotional_activity___type,1042,2,,,,,,,,,,
promotional_offer,1042,1,,,,,,,,,,
serveDescription,1042,73,,534,1 CAN,208,1 BOTTLE,143,1 PACKET,19,0.5 PACKET,11
servesPerPack,1042,57,1,199,,182,2,176,2.5,86,4,60
servingSize,1042,67,8,334,12,187,16,74,,70,8.4,44
servingSize2,1042,45,240,281,,279,355,163,473,57,250,43
servingSizeUom,1042,8,fl oz,700,mL,172,,70,g,57,oz,19
servingSizeUom2,1042,10,mL,674,,265,tsp,39,PT,17,fl oz,15
shelf,1042,13,Soda,438,Sport Drinks,276,Liquid Water Enhancer,74,Powdered Drinks,73,"Energy, Protein & Muscle Recovery Drinks",51
subBrand,1042,90,,810,G SERIES,29,G2,22,GAME FUEL,17,KICKSTART,17
textParts,1042,1032,"DRINKS
GATORADE AND G DESIGN ARE REGISTERED TRADEMARKS OF S-VC, INC. COMMENTS? 1-800-884-2867 OR VISIT GATORADE.COM
PARTIALLY PRODUCED WITH GENETIC ENGINEERING.
CONTAINS NO FRUIT JUICE
* PERCENT DAILY VALUES ARE BASED ON A 2,000 CALORIE DIET.
NOT A SIGNIFICANT SOURCE OF CALORIES FROM FAT, SATURATED FAT, TRANS FAT, CHOLESTEROL, DIETARY FIBER, VITAMIN A, VITAMIN C, CALCIUM AND IRON.
PROVEN HYDRATION WITH ELECTROLYTES
NATURALLY FLAVORED WITH OTHER NATURAL FLAVORS





G










NOT A SIGNIFICANT SOURCE OF CALORIES FORM FAT, SATURATED FAT, TRANS FAT, CHOLESTEROL, DIETARY FIBER, VITAMIN A, VITAMIN C, CALCIUM AND IRON.










*PERCENT DAILY VALUES ARE BASED ON A 2,000 CALORIE DIET.



REFRIGERATE AFTER OPENING.
80 CALORIES PER BOTTLE
ME, HI 5 CA CRV
12-PACK. NOT FOR INDIVIDUAL SALE.
2015 S-VC, INC.
KOSHER_CERT









Sport Drinks
P.O. BOX 049003, CHICAGO, IL 60604
THE GATORADE CO.
18008842867

ORANGE
WATER, SUGAR, DEXTROSE, CITRIC ACID, SALT, SODIUM CITRATE, MONOPOTASSIUM PHOSPHATE, GUM ARABIC, NATURAL FLAVOR, SUCROSE ACETATE ISOBUTYRATE, GLYCEROL ESTER OF ROSIN, YELLOW 6.


Calories
=
Cal
80.0
7.0
Total Carbohydrate
=
g
22.0
0.0
Total Fat
=
g
0.0









































Calories From Carbohydrates Percent
=
%
110.0



















































Calories From Fat Percent
=
%
0.0











Calories From Sat Fat Percent
=
%
0.0

Calories From Sugar Percent
=
%
105.0
1.0
Potassium
=
mg
45.0

Protein
=
g
0.0
7.0
Sodium
=
mg
160.0

Sodium per Calorie
=
%
2.0

Sugars
=
g
21.0
'052000129373
Other
GATORADE
12 fl oz
355 mL

THIRST QUENCHER
Food
1 BOTTLE





Sport Drinks


",2,"DRINKS
PARTIALLY PRODUCED WITH GENETIC ENGINEERING
CONTAINS 0% JUICE, LOW SODIUM. 140MG OR LESS PER 240 ML (8 FL OZ).
NOT RECOMMENDED FOR CHILDREN, PREGNANT WOMEN OR PEOPLE SENSITIVE TO CAFFEINE.
% DAILY VALUE*
ENERGY
AMP
16 FL OZ (1 PT) 473 ML
*PERCENT DAILY VALUES ARE BASED ON A 2,000 CALORIE DIET.
100 CALORIES PER CAN
NO PURCHASE NECESSARY. VOID WHERE PROHIBITED. SWEEPSTAKES ENDS 10/31/2016. OPEN TO LEGAL RESIDENTS OF 50 STATES, 18+ YEARS.
#AMPLEVELUP
NOT A SIGNIFICANT SOURCE CALORIES FROM FAT, SATURATED FAT, TRANS FAT, CHOLESTEROL, DIETARY FIBER, VITAMIN A, VITAMIN C, CALCIUM AND IRON.
BOTTLED UNDER THE AUTHORITY OF PEPSICO, INC., PURCHASE, NY 10577.
LIMITED EDITION CAN, CAFFEINE + B - VITAMINS,
TWITCH AMP ENERGY - TWITCH AND AMP ENERGY HAVE PARTNERED TO BRING YOU THIS BRAND NEW TROPICAL PUNCH FLAVOR OF AMP ENERGY SO YOU CAN TWITCH WHILE YOU AMP AND AMP WHILE YOU TWITCH. GO TO AMPENERGY.COM/TWITCH FOR DETAILS ON HOW YOU COULD WIN COOL GEAR AND OTHER PRIZES.
NOT A SIGNIFICANT SOURCE OF CALORIES FROM FAT, SATURATED FAT, TRANS FAT, CHOLESTEROL, DIETARY FIBER, VITAMIN A, VITAMIN C, CALCIUM AND IRON.
TROPICAL PUNCH FLAVOR






TROPICAL PUNCH FLAVORED ENERGY DRINK WITH OTHER NATURAL ENERGY FLAVORS










AMP ENERGY



TWITCH
CAFFEINE CONTENT: 160MG/16 FL OZ.
TWITCH AND AMP ENERGY HAVE PARTNERED TO BRING YOU THIS BRAND NEW TROPICAL PUNCH FLAVOR OF AMP ENERGY SO YOU CAN TWITCH WHILE YOU AMP AND AMP WHILE YOU TWITCH GO TO AMPENERGY.COM/TWITCH FOR DETAILS ON HOW YOU COULD WIN COOL GEAR AND OTHER PRIZES.
PLEASE RECYCLE
TROPICAL PUNCH FLAVORED ENERGY DRINK WITH OTHER NATURAL FLAVORS










Soda - Energy Drinks
PURCHASE, NY 10577.

18004332652
WWW.AMPENERGY.COM/TWITCH
TROPICAL PUNCH
CARBONATED WATER, HIGH FRUCTOSE CORN SYRUP, CITRIC ACID, NATURAL FLAVOR, MALTODEXTRIN, SODIUM BENZOATE (PRESERVES FRESHNESS), SODIUM HEXAMETAPHOSPHATE (TO PROTECT FLAVOR), CITRUS PECTIN, CAFFEINE, ACESULFAME POTASSIUM SUCRALOSE, NIACINAMIDE (VITAMIN B3), CALCIUM PANTOTHENATE (VITAMIN B5), RED 40 CALCIUM DISODIUM EDTA (TO PROTECT FLAVOR), PYRIDOXINE HYDROCHLORIDE (VITAMIN B6), TAURINE, GUARANA SEED EXTRACT, PANAX GINSENG ROOT EXTRACT, CYANOCOBALAMIN (VITAMIN B12).


Calories
=
Cal
100.0
9.0
Total Carbohydrate
=
g
26.0
0.0
Total Fat
=
g
0.0
100.0
Vitamin B12
=
g

100.0
Vitamin B3 (Niacin)
=
g

100.0
Vitamin B6
=
g



























Calories From Carbohydrates Percent
=
%
104.0



















































Calories From Fat Percent
=
%
0.0











Calories From Sat Fat Percent
=
%
0.0

Calories From Sugar Percent
=
%
104.0
100.0
Pantothenic Acid
=
g


Protein
=
g
0.0
6.0
Sodium
=
mg
150.0

Sodium per Calorie
=
%
1.5

Sugars
=
g
26.0
'012000160202
Other
AMP ENERGY
16 fl oz
1 PT
473 mL
AMP ENERGY, ENERGY DRINK, TROPICAL PUNCH
Food
1 CAN
1
16
1
fl oz
PT
Soda


",2,"DRINKS
% DAILY VALUE*
GATORADE FLOW
FULL FLAVOR
COPYRIGHT 2016-VC, INC., GATORADE AND G DESIGN ARE REGISTERED TRADEMARK OF S-VC, INC.
80 CALORIES PER 12 FL OZ SERVING
CONTAINS NO FRUIT JUICE
SALES SAMPLE. NOT FOR RETAIL SALE.
SMOOTH FINISH
28 FL OZ (1.75 PT) 828 ML
NOT A SIGNIFICANT SOURCE OF CALORIES FROM FAT, SATURATED FAT, TRANS FAT, CHOLESTEROL, DIETARY FIBER, VITAMIN A, VITAMIN C, CALCIUM AND IRON.
COMMENTS? 1-800-884-2867 OR VISIT GATORADE.COM
NATURALLY FLAVORED WITH OTHER NATURAL FLAVORS
COPYRIGHT 2016 S-VC, INC., GATORADE AND G DESIGN ARE REGISTERED TRADEMARKS OF S-VC, INC.










PARTIALLY PRODUCED WITH GENETIC ENGINEERING










PARTIALLY PRODUCED WITH GENETIC ENGINEERING.



G
*PERCENT DAILY VALUES ARE BASED ON A 2,000 CALORIE DIET.
REFRIGERATE AFTER OPENING.
FULL FLAVOR, SMOOTH FINISH
ME, HI 5 CENT CA CRV










Sport Drinks
P.O. BOX 049003, CHICAGO, IL 60604
THE GATORADE CO.
18008842867
GATORADE.COM
BLACKBERRY WAVE
WATER, SUGAR, DEXTROSE, CITRIC ACID, NATURAL FLAVOR, SODIUM CITRATE, SALT, MONOPOTASSIUM PHOSPHATE, PHOSPHORIC ACID, RED 40.


Calories
=
Cal
80.0
7.0
Total Carbohydrate
=
g
21.0
0.0
Total Fat
=
g
0.0









































Calories From Carbohydrates Percent
=
%
105.0



















































Calories From Fat Percent
=
%
0.0











Calories From Sat Fat Percent
=
%
0.0

Calories From Sugar Percent
=
%
105.0
1.0
Potassium
=
mg
45.0

Protein
=
g
0.0
7.0
Sodium
=
mg
160.0

Sodium per Calorie
=
%
2.0

Sugars
=
g
21.0
'052000013719
Bottle
GATORADE FLOW
28 fl oz
1.75 PT
828 mL
THIRST QUENCHER
Food

ABOUT 2.5
12
355
fl oz
mL
Sport Drinks


",2,"DRINKS
GLUTEN FREEL, NO CAFFEINE
VITAMINS: 200% RDI OF B3, B5, B6, B9, B12
ME-HI-5C, CA CRV
*PERCENT DAILY VALUES ARE BASED ON A 2,000 CALORIE DIET. YOUR DAILY VALUES MAY BE HIGHER OR LOWER DEPENDING ON YOUR CALORIE NEEDS.
IT'S TIME TO DITCH YOUR OUTDATED SPORTS DRINK AND MORE MAKE THE SWITCH TO BODYARMOR.
PLEASE RECYCLE
NATURAL FLAVORS AND SWEETNERS, ELECTOLYTES: POTASSIUM; 700MG TOTAL BLEND: 810MG, COCONUT WTER
100% RDI OF VITAMINS, A, C & E
LYTE
BODYARMOR LYRE; IS THE NATURALLY FLAVORED AND NATURALLY SWEETENED LOW-CAKLORIE SPORTS DRINK FOR TODAY'S ATHLETE. BODYARMOR LYTE COMBINES ELECTRYLYTES, COCONUT WATER AND VITAMNS TO CREATE A LOW-CALORIE SPORTS DRINKK THAT PROVIDES SUPERIOR HYDRATION
MANUFACTURED FOR: BA SPORTS NUTRITION, LLC
NATURAL FLAVORS AND SWEETENERS, ELECTROLYTES: POTASSIUM: 700MG TOTAL BLEND: 810MG, COCONUT WATER, VITAMINS: 200% RDI OF B3, B5, B9, B12, 100% RDI OF VITAMINS A, C & E
NO COLORS FROM ARTIFICIAL SOURCES, 10% COCONUT WATER










NOT A SIGNIFICANT SOURCE OF SATURATED FAT, TRANS FAT, CHOLESTEROL, DIETARY FIBER, CALCIUM AND IRON.










GLUTEN FREE, NO CAFFEINE



*PERCENT DAILY VALUES ARE BASED ON A 2000 CALORIE DIET. YOUR DAILY VALUES MAY BE HIGHER OR LOWER DEPENDING ON YOUR CALORIE NEEDS;
BODYARMOR LYTE IS THE NATURALLY FLAVORED AND NATURALLY SWEETENED LOW-CALORIE SPORTS DRINK FOR TODAY'S ATHLETE. BODYARMOR LYTE COMBINES ELECTROLYTES, COCONUT WATER AND VITAMINS TO CREATE A LOW-CALORIE SPORTS DRINK THAT PROVIDES SUPERIOR HYDRATION.
20 CALORIES PER SERVING
REFRIGERATE AFTER OPENING
IT'S TIME TO DITCH YOUR OUTDATED SPORTS DRINK AND MAKE THE SWITCH TO BODYARMOR.
KOSHER_CERT









Sport Drinks
NEW YORK, NY 11357


DRINKBODYARMOR.COM
CHERRY BERRY
FILTERED WATER, ERYTHRITOL, PURE CANE SUGAR, COCONUT WATER CONCENTRATE, CITRIC ACID, DIPOTASSIUM PHOSPHATE (ELECTROLYTE), VEGETABLE JUICE (COLOR), ASCORBIC ACID (VITAMIN C), PECTIN, MAGNESIUM OXIDE (ELECTROLYTE), STEVIA REBAUDIANA LEAF EXTRACT, NATURAL CHERRY BERRY FLAVOR WITH OTHER NATURAL FLAVORS, FRUIT JUICE (COLOR), CALCIUM D-PANTOTHENATE (VITAMIN B5), NIACINAMIDE (VITAMIN B3), DI-ALPHA-TOCOPHERYL ACETATE (VITAMIN E) ZINC OXIDE (ELECTROLYTE), PYRIDOXINE HYDROCHLORIDE (VITAMIN B6), VITAMIN A PALMITATE (VITAMIN A), FOLIC ACID (VITAMIN B9), CYANOCOBALAMIN (VITAMIN B12).


Calories
=
Cal
20.0
1.0
Sodium
=
mg
20.0

Sodium per Calorie
=
%
1.0

Sugars
=
g
3.0
3.0
Total Carbohydrate
=
g
10.0
0.0
Total Fat
=
g
0.0
50.0
Vitamin A
=
g

100.0
Vitamin B12
=
g

100.0
Vitamin B3 (Niacin)
=
g

100.0
Vitamin B6
=
g

50.0
Vitamin C
=
g


Calories From Carbohydrates Percent
=
%
200.0
50.0
Vitamin E
=
g

35.0
Zinc
=
g










































Calories From Fat
=
Cal
0.0











Calories From Fat Percent
=
%
0.0

Calories From Sat Fat Percent
=
%
0.0

Calories From Sugar Percent
=
%
60.0
100.0
Folic Acid
=
g

8.0
Magnesium
=
g

100.0
Pantothenic Acid
=
g


Protein
=
g
0.0
'858176002263
Other
BODYARMOR
16 fl oz
473 mL

SUPERDRINK
Food

2
8
240
fl oz
mL
Sport Drinks


",2,"DRINKS
PARTIALLY PRODUCED WITH GENETIC ENGINEERING
170 CALORIES PER BOTTLE
LOW SODIUM
TITANFALL | 2
UNLOCK 2XP + EXCLUSIVE TITAN REWARDS+
MUST BE A LEGAL US RESIDENT 17+. REWARD REDEMPTION GOOD ONLY FOR TITANFALL2 GAME. COMPLETE DETAILS AT WWW.DEWANDDORITOS.COM LIMIT OF 1000 CODES/PERSON, MAX OF 20 MATCHES/DAY. ENDS 12/31/16. VOID WHERE PROHIBITED.
MANUFACTURED BY INDEPENDENT BOTTLERS UNDER THE AUTHORITY OF PEPSICO, INC., PURCHASE, NY 10577
DEW WITH A BLAST OF MANGO HEAT FLAVOR WITH OTHER NATURAL FLAVORS
PLEASE RECYCLE
ME-VT-CT-MA-NY OR-IA-HI 5 CENT MI 10 CENT CA CRV
20 FL OZ (1.25 PT) 591 ML
COMPLETE DETAILS AT WWW.DEWANDDORITOS.COM. LIMIT OF 1000 CODES/PERSON, MAX OF 20 MATCHES/DAY. ENDS 12/31/16. VOLD WHERE PROHIBITED.
% DV*










BOTTLED UNDER THE AUTHORITY OF PEPSICO, INC. PURCHASE, NY 10577.










*PERCENT DAILY VALUES (DV) ARE BASED ON A 2,000 CALORIE DIET.



+MUST BE A LEGAL US RESIDENT 17+, REWARD REDEMPTION GOOD ONLY FOR TITANFALL2 GAME.
NOT A SIGNIFICANT SOURCE OF OTHER NUTRIENTS.
MTN DEW
GAME FUEL
CAFFEINE CONTENT: 113MG/20 FL OZ.










Juice or Drink - Mango Juice
PURCHASE, NY 10577

18004332652
MOUNTAINDEW.COM

CARBONATED WATER, HIGH FRUCTOSE CORN SYRUP, CITRIC ACID, NATURAL FLAVOR, SODIUM BENZOATE (PRESERVES FRESHNESS), GUM ARABIC, CAFFEINE, SODIUM CITRATE, CITRUS PECTIN, ACESULFAME POTASSIUM, SUCRALOSE, GLYCEROL ESTER OF ROSIN, CALCIUM DISODIUM EDTA (TO PROTECT FLAVOR), YELLOW 6, SUCROSE ACETATE ISOBUTYRATE.


Calories
=
Cal
170.0
0.0
Total Fat
=
g
0.0














































Calories From Carbohydrates Percent
=
%
108.24



















































Calories From Fat Percent
=
%
0.0











Calories From Sat Fat Percent
=
%
0.0

Calories From Sugar Percent
=
%
108.24

Protein
=
g
0.0
4.0
Sodium
=
mg
100.0

Sodium per Calorie
=
%
0.59

Sugars
=
g
46.0
15.0
Total Carbohydrate
=
g
46.0
'012000160561
Bottle
MTN DEW
20 fl oz
1.25 PT
591 mL
MTN DEW, GAME FUEL, MANGO HEAT
Food
1 BOTTLE
1
20
591
fl oz
mL
Fruit & Vegetable Juice, Nectars & Fruit Drinks
GAME FUEL

",2
warnings,1042,56,,939,PHENYLKETONURICS: CONTAINS PHENYLALANINE.,10,CONTAINS MILK.,5,CONTAINS: SOY.,5,CONTAINS TREE NUTS (COCONUT).,5
